{
  "holdings": {
    "AAL 2T": {
      "a": 11.72,
      "q": 2,
      "p": 11.5,
      "v": 23,
      "u": -0.43,
      "up": -1.84
    },
    "AAPL R735QTJ8XC9X": {
      "a": 256.26,
      "q": 101,
      "p": 272.49,
      "v": 27521,
      "u": 1639,
      "up": 6.33
    },
    "ASTS 2T": {
      "a": 88.18,
      "q": 86,
      "p": 84.17,
      "v": 7238,
      "u": -344.91,
      "up": -4.55
    },
    "AVGO 2T": {
      "a": 323.27,
      "q": 344,
      "p": 421.94,
      "v": 145147,
      "u": 33942,
      "up": 30.5
    },
    "CCJ 2T": {
      "a": 110.33,
      "q": 804,
      "p": 126.44,
      "v": 101653,
      "u": 12948,
      "up": 14.6
    },
    "CRWD 2T": {
      "a": 400.7,
      "q": 137,
      "p": 456.2,
      "v": 62499,
      "u": 7603,
      "up": 13.8
    },
    "CRWV 2T": {
      "a": 118.1,
      "q": 86,
      "p": 123.8,
      "v": 10646,
      "u": 490,
      "up": 4.83
    },
    "GEV 2T": {
      "a": 804.42,
      "q": 83,
      "p": 1125.81,
      "v": 93442,
      "u": 26675,
      "up": 40
    },
    "GLD 2T": {
      "a": 446.79,
      "q": 198,
      "p": 435.34,
      "v": 86197,
      "u": -2267.1,
      "up": -2.56
    },
    "GOOG T1AZ164W5VTX": {
      "a": 337.13,
      "q": 44.657652827,
      "p": 338.36,
      "v": 15110,
      "u": 55.4,
      "up": 0.37
    },
    "ITA 2T": {
      "a": 235.14,
      "q": 229,
      "p": 219.18,
      "v": 50192,
      "u": -3654.84,
      "up": -6.79
    },
    "NVDA 2T": {
      "a": 180.03,
      "q": 737.157918101,
      "p": 202.31,
      "v": 149134,
      "u": 16425,
      "up": 12.4
    },
    "PLTR 2T": {
      "a": 134.23,
      "q": 525,
      "p": 150.99,
      "v": 79270,
      "u": 8797,
      "up": 12.5
    },
    "POWL 2T": {
      "a": 569.66,
      "q": 59,
      "p": 244.86,
      "v": 14446,
      "u": -19163.23,
      "up": -57.02
    },
    "QQQ RIWIV7K5Z9LX": {
      "a": 589.34,
      "q": 100,
      "p": 655.84,
      "v": 65584,
      "u": 6650,
      "up": 11.3
    },
    "RKLB 2T": {
      "a": 77.5,
      "q": 101,
      "p": 89.62,
      "v": 9051,
      "u": 1224,
      "up": 15.6
    },
    "RTX 2T": {
      "a": 200.44,
      "q": 275,
      "p": 180.55,
      "v": 49651,
      "u": -5469.75,
      "up": -9.92
    },
    "SPY R735QTJ8XC9X": {
      "a": 681.92,
      "q": 200,
      "p": 710.65,
      "v": 142130,
      "u": 5745,
      "up": 4.21
    },
    "TAIL 2T": {
      "a": 11.75,
      "q": 2420,
      "p": 11.1,
      "v": 26849,
      "u": -1585.1,
      "up": -5.57
    },
    "TSLA 2T": {
      "a": 404.51,
      "q": 4,
      "p": 403.4,
      "v": 1613,
      "u": -4.44,
      "up": -0.27
    },
    "VRT 2T": {
      "a": 236.3,
      "q": 141,
      "p": 304,
      "v": 42864,
      "u": 9545,
      "up": 28.6
    },
    "VST 2T": {
      "a": 173.05,
      "q": 321,
      "p": 155.92,
      "v": 50050,
      "u": -5498.73,
      "up": -9.9
    },
    "XOM 2T": {
      "a": 149.14,
      "q": 199,
      "p": 149.5,
      "v": 29750,
      "u": 72.2,
      "up": 0.24
    }
  },
  "cash": {
    "USD": {
      "securitySymbols": [],
      "symbol": "USD",
      "amount": -122412.13,
      "conversionRate": 1.0,
      "currencySymbol": "$",
      "valueInAccountCurrency": -122412.13
    }
  },
  "accountCurrency": "USD",
  "accountCurrencySymbol": "$",
  "charts": {
    "Strategy Equity": {
      "name": "Strategy Equity",
      "chartType": 0,
      "series": {
        "Equity": {"name":"Equity","unit":"$","index":0,"seriesType":2,"values":[[1776891670,1137657.165,1137657.165,1137657.165,1137657.165]]}
      }
    }
  },
  "orders": {},
  "profitLoss": {},
  "statistics": {},
  "runtimeStatistics": {
    "Equity": "$1,137,657.17",
    "Fees": "-$0.00",
    "Holdings": "$1,260,069.30",
    "Net Profit": "$0.00",
    "Probabilistic Sharpe Ratio": "0%",
    "Return": "0.00 %",
    "Unrealized": "$93,826.19",
    "Volume": "$0.00"
  },
  "state": {
    "StartTime": "2026-04-22T21:01:06Z",
    "EndTime": "2026-04-22T21:01:10Z",
    "RuntimeError": "Runtime Error: QuantConnect.Queues.LiveDataQueue has not implemented live data. in DataQueueHandlerManager.cs:line 139",
    "StackTrace": "QuantConnect.Queues.LiveDataQueue has not implemented live data. in DataQueueHandlerManager.cs:line 139",
    "LogCount": "5",
    "OrderCount": "0",
    "InsightCount": "0",
    "Hostname": "Michaels-MacBook-Air",
    "Status": "RuntimeError"
  }
}