{
  "holdings": {
    "AAL 2T": {
      "a": 11.72,
      "q": 2,
      "p": 11.5,
      "v": 23,
      "u": -0.43,
      "up": -1.84
    },
    "AAPL.ProphitAI15MinBar 2S": {},
    "AAPL R735QTJ8XC9X": {
      "a": 256.26,
      "q": 101,
      "p": 272.51,
      "v": 27523,
      "u": 1641,
      "up": 6.34
    },
    "AMZN.ProphitAI15MinBar 2S": {},
    "AMZN 2T": {},
    "ASTS 2T": {
      "a": 88.18,
      "q": 86,
      "p": 84.3,
      "v": 7249,
      "u": -333.73,
      "up": -4.4
    },
    "AVGO 2T": {
      "a": 323.27,
      "q": 344,
      "p": 422.14,
      "v": 145216,
      "u": 34011,
      "up": 30.6
    },
    "BA.ProphitAI15MinBar 2S": {},
    "BA 2T": {},
    "BAC.ProphitAI15MinBar 2S": {},
    "NB R735QTJ8XC9X": {},
    "CAT.ProphitAI15MinBar 2S": {},
    "CAT 2T": {},
    "CCJ 2T": {
      "a": 110.33,
      "q": 804,
      "p": 126,
      "v": 101304,
      "u": 12598,
      "up": 14.2
    },
    "CRWD 2T": {
      "a": 400.7,
      "q": 137,
      "p": 457,
      "v": 62609,
      "u": 7713,
      "up": 14
    },
    "CRWV 2T": {
      "a": 118.1,
      "q": 86,
      "p": 123.75,
      "v": 10642,
      "u": 485,
      "up": 4.78
    },
    "CVX.ProphitAI15MinBar 2S": {},
    "CVX 2T": {},
    "DIS.ProphitAI15MinBar 2S": {},
    "DIS 2T": {},
    "GEV 2T": {
      "a": 804.42,
      "q": 83,
      "p": 1125.51,
      "v": 93417,
      "u": 26650,
      "up": 39.9
    },
    "GLD 2T": {
      "a": 446.79,
      "q": 198,
      "p": 435.2,
      "v": 86169,
      "u": -2294.82,
      "up": -2.59
    },
    "GOOGL.ProphitAI15MinBar 2S": {},
    "GOOG T1AZ164W5VTX": {
      "a": 337.13,
      "q": 44.657652827,
      "p": 338.56,
      "v": 15119,
      "u": 64.1,
      "up": 0.43
    },
    "GS.ProphitAI15MinBar 2S": {},
    "GS 2T": {},
    "HD.ProphitAI15MinBar 2S": {},
    "HD 2T": {},
    "ITA 2T": {
      "a": 235.14,
      "q": 229,
      "p": 219.25,
      "v": 50208,
      "u": -3638.81,
      "up": -6.76
    },
    "JNJ.ProphitAI15MinBar 2S": {},
    "JNJ 2T": {},
    "JPM.ProphitAI15MinBar 2S": {},
    "JPM 2T": {},
    "KO.ProphitAI15MinBar 2S": {},
    "KO 2T": {},
    "LLY.ProphitAI15MinBar 2S": {},
    "LLY 2T": {},
    "META.ProphitAI15MinBar 2S": {},
    "META 2T": {},
    "MSFT.ProphitAI15MinBar 2S": {},
    "MSFT 2T": {},
    "NVDA.ProphitAI15MinBar 2S": {},
    "NVDA 2T": {
      "a": 180.03,
      "q": 737.157918101,
      "p": 202.41,
      "v": 149208,
      "u": 16498,
      "up": 12.4
    },
    "PFE.ProphitAI15MinBar 2S": {},
    "PFE 2T": {},
    "PG.ProphitAI15MinBar 2S": {},
    "PG 2T": {},
    "PLTR 2T": {
      "a": 134.23,
      "q": 525,
      "p": 150.82,
      "v": 79180,
      "u": 8708,
      "up": 12.4
    },
    "POWL 2T": {
      "a": 569.66,
      "q": 59,
      "p": 244.86,
      "v": 14446,
      "u": -19163.23,
      "up": -57.02
    },
    "QQQ RIWIV7K5Z9LX": {
      "a": 589.34,
      "q": 100,
      "p": 655.79,
      "v": 65579,
      "u": 6645,
      "up": 11.3
    },
    "RKLB 2T": {
      "a": 77.5,
      "q": 101,
      "p": 89.7,
      "v": 9059,
      "u": 1232,
      "up": 15.7
    },
    "RTX 2T": {
      "a": 200.44,
      "q": 275,
      "p": 180.5,
      "v": 49637,
      "u": -5483.5,
      "up": -9.95
    },
    "SPY R735QTJ8XC9X": {
      "a": 681.92,
      "q": 200,
      "p": 710.74,
      "v": 142148,
      "u": 5763,
      "up": 4.23
    },
    "TAIL 2T": {
      "a": 11.75,
      "q": 2420,
      "p": 11.1,
      "v": 26849,
      "u": -1585.1,
      "up": -5.57
    },
    "TSLA.ProphitAI15MinBar 2S": {},
    "TSLA 2T": {
      "a": 404.51,
      "q": 4,
      "p": 403.34,
      "v": 1613,
      "u": -4.68,
      "up": -0.29
    },
    "UNH.ProphitAI15MinBar 2S": {},
    "UNH 2T": {},
    "VRT 2T": {
      "a": 236.3,
      "q": 141,
      "p": 304.25,
      "v": 42898,
      "u": 9580,
      "up": 28.8
    },
    "VST 2T": {
      "a": 173.05,
      "q": 321,
      "p": 155.81,
      "v": 50015,
      "u": -5534.04,
      "up": -9.96
    },
    "WFC.ProphitAI15MinBar 2S": {},
    "WFC 2T": {},
    "WMT.ProphitAI15MinBar 2S": {},
    "WMT 2T": {},
    "XOM.ProphitAI15MinBar 2S": {},
    "XOM 2T": {
      "a": 149.14,
      "q": 199,
      "p": 149.5,
      "v": 29750,
      "u": 72.2,
      "up": 0.24
    }
  },
  "cash": {
    "USD": {
      "securitySymbols": [],
      "symbol": "USD",
      "amount": -122412.13,
      "conversionRate": 1.0,
      "currencySymbol": "$",
      "valueInAccountCurrency": -122412.13
    }
  },
  "accountCurrency": "USD",
  "accountCurrencySymbol": "$",
  "charts": {
    "Strategy Equity": {
      "name": "Strategy Equity",
      "chartType": 0,
      "series": {
        "Equity": {"name":"Equity","unit":"$","index":0,"seriesType":2,"values":[[1776891914,1137457.5976,1137457.5976,1137457.5976,1137457.5976],[1776891974,1137457.5976,1137457.5976,1137457.5976,1137457.5976]]}
      }
    }
  },
  "orders": {},
  "profitLoss": {},
  "statistics": {},
  "runtimeStatistics": {
    "Equity": "$1,137,457.60",
    "Fees": "-$0.00",
    "Holdings": "$1,259,869.73",
    "Net Profit": "$0.00",
    "Probabilistic Sharpe Ratio": "0%",
    "Return": "0.00 %",
    "Unrealized": "$0.00",
    "Volume": "$0.00"
  },
  "state": {
    "StartTime": "2026-04-22T21:05:11Z",
    "EndTime": "",
    "RuntimeError": "",
    "StackTrace": "",
    "LogCount": "3",
    "OrderCount": "0",
    "InsightCount": "0",
    "Hostname": "Michaels-MacBook-Air",
    "Status": "Running"
  }
}